<?xml version="1.0" encoding="UTF-8"?>
<project-private xmlns="http://www.netbeans.org/ns/project-private/1">
    <editor-bookmarks xmlns="http://www.netbeans.org/ns/editor-bookmarks/2" lastBookmarkId="0"/>
    <open-files xmlns="http://www.netbeans.org/ns/projectui-open-files/2">
        <group>
            <file>file:/C:/Users/Domy/Desktop/Mimi/Java/Laboratorio%20Java%20Swing/src/laboratorio/java/swing/csmenu.java</file>
            <file>file:/C:/Users/Domy/Desktop/Mimi/Java/Laboratorio%20Java%20Swing/src/laboratorio/java/swing/LaboratorioJavaSwing.java</file>
            <file>file:/C:/Users/Domy/Desktop/Mimi/Java/Laboratorio%20Java%20Swing/src/laboratorio/java/swing/csconversion.java</file>
            <file>file:/C:/Users/Domy/Desktop/Mimi/Java/Laboratorio%20Java%20Swing/src/laboratorio/java/swing/Conversiones.java</file>
        </group>
    </open-files>
</project-private>
